"Vehicle Reg No","Trip ID",State,"Route Description",Deviation,"Time Period",Direction,Origin,"Origin Code",Destination,"Destination Code",Mapper,Company,"Date Mapped","Start Coordinate","End Coordinate",Distance,"Start Time","Travel Time",Revenue,"On/Off Discrepancy",Fares,"Number Of Stops","Total Passengers","GPS Loss (km)",Mode,"Geometry (WKT)"
8356BT,43405896,Mapped,KN001,,PM,R,,,,,Bob,Kinshasa,2025-11-24,"-4.343344, 15.330139","-4.390540, 15.374655",5.61,13:35:00,0:16,28500,0,1500.00,8,19,2.88,"Esprit de Mort","LINESTRING (15.330139 -4.343344, 15.330223 -4.343508, 15.330296 -4.343653, 15.330371 -4.343788, 15.330450 -4.343935, 15.330540 -4.344102, 15.330589 -4.344194, 15.330640 -4.344289, 15.330690 -4.344387, 15.330740 -4.344485, 15.330791 -4.344582, 15.330847 -4.344683, 15.330902 -4.344780, 15.330953 -4.344875, 15.330999 -4.344968, 15.331045 -4.345057, 15.331126 -4.345213, 15.331195 -4.345350, 15.331266 -4.345480, 15.331337 -4.345606, 15.331382 -4.345713, 15.331364 -4.345816, 15.334020 -4.350633, 15.334119 -4.350718, 15.334123 -4.350887, 15.334076 -4.351020, 15.334150 -4.351140, 15.334218 -4.351222, 15.334274 -4.351306, 15.334310 -4.351394, 15.334364 -4.351486, 15.334419 -4.351568, 15.334472 -4.351655, 15.334516 -4.351755, 15.334555 -4.351889, 15.334593 -4.351999, 15.334621 -4.352096, 15.334647 -4.352191, 15.334739 -4.352236, 15.334814 -4.352335, 15.334833 -4.352431, 15.334865 -4.352548, 15.334878 -4.352644, 15.334897 -4.352740, 15.334954 -4.352837, 15.335021 -4.352973, 15.335092 -4.353116, 15.335186 -4.353276, 15.335230 -4.353362, 15.335276 -4.353455, 15.335323 -4.353557, 15.335375 -4.353660, 15.335430 -4.353767, 15.335496 -4.353880, 15.335566 -4.354003, 15.335635 -4.354126, 15.335702 -4.354247, 15.335774 -4.354366, 15.335844 -4.354486, 15.335920 -4.354617, 15.335992 -4.354743, 15.336058 -4.354869, 15.336123 -4.354995, 15.336185 -4.355116, 15.336246 -4.355237, 15.336308 -4.355353, 15.336359 -4.355455, 15.336404 -4.355547, 15.336447 -4.355638, 15.336522 -4.355800, 15.336603 -4.355933, 15.336658 -4.356020, 15.336705 -4.356122, 15.336768 -4.356230, 15.336829 -4.356328, 15.336895 -4.356453, 15.336967 -4.356594, 15.337051 -4.356728, 15.337138 -4.356878, 15.337184 -4.356963, 15.337226 -4.357053, 15.337276 -4.357141, 15.337326 -4.357227, 15.337379 -4.357319, 15.337429 -4.357416, 15.337481 -4.357510, 15.337531 -4.357611, 15.337587 -4.357715, 15.337646 -4.357822, 15.337708 -4.357930, 15.337769 -4.358035, 15.337828 -4.358142, 15.337888 -4.358252, 15.337948 -4.358358, 15.338005 -4.358465, 15.338061 -4.358570, 15.338122 -4.358689, 15.338174 -4.358794, 15.338223 -4.358892, 15.338275 -4.358987, 15.338326 -4.359076, 15.338377 -4.359161, 15.338425 -4.359246, 15.338477 -4.359329, 15.338525 -4.359412, 15.338607 -4.359573, 15.338680 -4.359737, 15.338759 -4.359907, 15.338804 -4.359996, 15.338846 -4.360084, 15.338891 -4.360175, 15.338935 -4.360262, 15.338984 -4.360351, 15.339033 -4.360437, 15.339082 -4.360526, 15.339129 -4.360611, 15.339174 -4.360697, 15.339217 -4.360792, 15.339259 -4.360880, 15.339341 -4.361047, 15.339414 -4.361204, 15.339485 -4.361358, 15.339554 -4.361497, 15.339624 -4.361645, 15.339707 -4.361807, 15.339793 -4.361970, 15.339838 -4.362054, 15.339888 -4.362141, 15.339937 -4.362230, 15.339989 -4.362325, 15.340043 -4.362422, 15.340094 -4.362518, 15.340145 -4.362614, 15.340199 -4.362712, 15.340248 -4.362809, 15.340297 -4.362910, 15.340347 -4.363012, 15.340396 -4.363111, 15.340445 -4.363211, 15.340492 -4.363308, 15.340537 -4.363406, 15.340582 -4.363504, 15.340629 -4.363598, 15.340681 -4.363695, 15.340726 -4.363790, 15.340797 -4.363951, 15.340862 -4.364095, 15.340925 -4.364214, 15.340982 -4.364334, 15.341043 -4.364429, 15.359023 -4.384628, 15.359130 -4.384653, 15.359232 -4.384670, 15.359357 -4.384685, 15.359468 -4.384722, 15.359565 -4.384758, 15.359665 -4.384775, 15.359825 -4.384843, 15.359992 -4.384887, 15.360125 -4.384932, 15.360249 -4.384993, 15.360378 -4.385023, 15.360507 -4.385083, 15.360612 -4.385120, 15.360758 -4.385200, 15.360865 -4.385242, 15.360990 -4.385278, 15.361125 -4.385338, 15.361255 -4.385382, 15.361393 -4.385425, 15.361524 -4.385473, 15.361643 -4.385525, 15.368240 -4.387573, 15.368103 -4.388043, 15.368185 -4.388110, 15.368294 -4.388117, 15.368392 -4.388155, 15.368498 -4.388188, 15.368610 -4.388247, 15.368711 -4.388290, 15.368834 -4.388340, 15.368985 -4.388402, 15.369140 -4.388478, 15.369295 -4.388538, 15.369447 -4.388588, 15.369594 -4.388635, 15.369740 -4.388673, 15.369882 -4.388710, 15.370007 -4.388758, 15.370075 -4.388825, 15.370170 -4.388834, 15.370265 -4.388850, 15.370383 -4.388895, 15.370513 -4.388950, 15.370648 -4.389009, 15.370833 -4.389080, 15.370930 -4.389113, 15.371067 -4.389148, 15.371199 -4.389184, 15.371335 -4.389235, 15.371469 -4.389280, 15.371607 -4.389330, 15.371730 -4.389377, 15.371855 -4.389430, 15.371966 -4.389480, 15.372075 -4.389528, 15.372180 -4.389573, 15.372287 -4.389615, 15.372392 -4.389660, 15.372503 -4.389697, 15.372617 -4.389732, 15.372730 -4.389768, 15.372835 -4.389805, 15.372947 -4.389847, 15.373055 -4.389890, 15.373161 -4.389935, 15.373270 -4.389978, 15.373385 -4.390020, 15.373497 -4.390065, 15.373607 -4.390112, 15.373713 -4.390158, 15.373816 -4.390203, 15.373915 -4.390244, 15.374008 -4.390282, 15.374170 -4.390352, 15.374327 -4.390410, 15.374455 -4.390457, 15.374555 -4.390497, 15.374655 -4.390540)"
7826BT,43405897,Mapped,KN002,,PM,R,,,,,Bob,Kinshasa,2025-11-24,"-4.392188, 15.379318","-4.353118, 15.507062",8.67,14:07:02,0:31,48000,0,2000.00,8,24,6.24,"Esprit de Mort","LINESTRING (15.379318 -4.392188, 15.379411 -4.392222, 15.379502 -4.392261, 15.379594 -4.392298, 15.379686 -4.392335, 15.379780 -4.392375, 15.379873 -4.392414, 15.379972 -4.392456, 15.380074 -4.392503, 15.380176 -4.392552, 15.380277 -4.392597, 15.380375 -4.392641, 15.380480 -4.392684, 15.380583 -4.392727, 15.380689 -4.392771, 15.380792 -4.392818, 15.380898 -4.392860, 15.380995 -4.392898, 15.381091 -4.392931, 15.381260 -4.392984, 15.381401 -4.393029, 15.381520 -4.393056, 15.381621 -4.393086, 15.381708 -4.393124, 15.381823 -4.393184, 15.381930 -4.393223, 15.382035 -4.393250, 15.382150 -4.393282, 15.382288 -4.393330, 15.382394 -4.393368, 15.382507 -4.393427, 15.382642 -4.393484, 15.382794 -4.393542, 15.382966 -4.393612, 15.383147 -4.393682, 15.383247 -4.393718, 15.383339 -4.393759, 15.383427 -4.393800, 15.383516 -4.393839, 15.383608 -4.393878, 15.383701 -4.393918, 15.383800 -4.393962, 15.383893 -4.394001, 15.383982 -4.394041, 15.384073 -4.394075, 15.384168 -4.394108, 15.384266 -4.394139, 15.384362 -4.394167, 15.384460 -4.394201, 15.384555 -4.394226, 15.384727 -4.394282, 15.384892 -4.394350, 15.385067 -4.394424, 15.385224 -4.394488, 15.385374 -4.394535, 15.385507 -4.394576, 15.385620 -4.394609, 15.385725 -4.394650, 15.385853 -4.394701, 15.385993 -4.394750, 15.386127 -4.394799, 15.386275 -4.394845, 15.386436 -4.394900, 15.386606 -4.394964, 15.386772 -4.395031, 15.386947 -4.395106, 15.387039 -4.395141, 15.387135 -4.395182, 15.387239 -4.395226, 15.387338 -4.395276, 15.387440 -4.395317, 15.387550 -4.395359, 15.387662 -4.395395, 15.387788 -4.395436, 15.387904 -4.395478, 15.388008 -4.395526, 15.388114 -4.395565, 15.388230 -4.395609, 15.388342 -4.395652, 15.388457 -4.395695, 15.388566 -4.395733, 15.388663 -4.395770, 15.388756 -4.395809, 15.388927 -4.395879, 15.389080 -4.395948, 15.389216 -4.395997, 15.389345 -4.396032, 15.389476 -4.396066, 15.389592 -4.396105, 15.389691 -4.396150, 15.389804 -4.396186, 15.389901 -4.396224, 15.390018 -4.396272, 15.390123 -4.396318, 15.390230 -4.396366, 15.390357 -4.396420, 15.390484 -4.396462, 15.390606 -4.396513, 15.390738 -4.396572, 15.390880 -4.396648, 15.391016 -4.396727, 15.391161 -4.396793, 15.391318 -4.396859, 15.391477 -4.396930, 15.391623 -4.396982, 15.391751 -4.397035, 15.391873 -4.397097, 15.392019 -4.397147, 15.392162 -4.397189, 15.411690 -4.404572, 15.411828 -4.404661, 15.411970 -4.404693, 15.412105 -4.404738, 15.412203 -4.404768, 15.412363 -4.404827, 15.412487 -4.404874, 15.478860 -4.377999, 15.478868 -4.377898, 15.478938 -4.377798, 15.479036 -4.377723, 15.479145 -4.377644, 15.479247 -4.377553, 15.479366 -4.377464, 15.479454 -4.377390, 15.479552 -4.377314, 15.479641 -4.377237, 15.479723 -4.377160, 15.479823 -4.377070, 15.479928 -4.376987, 15.480005 -4.376929, 15.480083 -4.376857, 15.480160 -4.376788, 15.480257 -4.376749, 15.480345 -4.376703, 15.480406 -4.376616, 15.480480 -4.376552, 15.480578 -4.376530, 15.480659 -4.376472, 15.494478 -4.365453, 15.494593 -4.365427, 15.494743 -4.365361, 15.494860 -4.365313, 15.494948 -4.365261, 15.495064 -4.365193, 15.495145 -4.365130, 15.495051 -4.365024, 15.495131 -4.364936, 15.495249 -4.364859, 15.495334 -4.364808, 15.495440 -4.364727, 15.495543 -4.364656, 15.495635 -4.364579, 15.497387 -4.363003, 15.497533 -4.362964, 15.497670 -4.362922, 15.497803 -4.362875, 15.497907 -4.362829, 15.498004 -4.362775, 15.498096 -4.362709, 15.498263 -4.362617, 15.498417 -4.362531, 15.498542 -4.362442, 15.498669 -4.362333, 15.498875 -4.362165, 15.498959 -4.362024, 15.499026 -4.361908, 15.499138 -4.361792, 15.499246 -4.361699, 15.499349 -4.361612, 15.499484 -4.361528, 15.499613 -4.361451, 15.499724 -4.361372, 15.499813 -4.361298, 15.499901 -4.361226, 15.499985 -4.361155, 15.500073 -4.361079, 15.500151 -4.361010, 15.500229 -4.360942, 15.500307 -4.360880, 15.500457 -4.360762, 15.500543 -4.360693, 15.500632 -4.360624, 15.500726 -4.360558, 15.500810 -4.360494, 15.500883 -4.360434, 15.501020 -4.360316, 15.501150 -4.360204, 15.501270 -4.360100, 15.501402 -4.359997, 15.501533 -4.359899, 15.501658 -4.359795, 15.501771 -4.359701, 15.501876 -4.359614, 15.501993 -4.359522, 15.504992 -4.356950, 15.504905 -4.356992, 15.505003 -4.356872, 15.505054 -4.356789, 15.505124 -4.356673, 15.505213 -4.356504, 15.505305 -4.356339, 15.505419 -4.356156, 15.505527 -4.355980, 15.505630 -4.355814, 15.505697 -4.355719, 15.505811 -4.355522, 15.505880 -4.355415, 15.505946 -4.355328, 15.506051 -4.355190, 15.506126 -4.355078, 15.506187 -4.354959, 15.506226 -4.354850, 15.506309 -4.354801, 15.506384 -4.354701, 15.506431 -4.354592, 15.506477 -4.354456, 15.506517 -4.354334, 15.506550 -4.354175, 15.506608 -4.354012, 15.506675 -4.353873, 15.506736 -4.353740, 15.507062 -4.353118)"
2624AC10,43405898,Mapped,KN003,,PM,R,,,,,Bob,Kinshasa,2025-11-24,"-4.353905, 15.507242","-4.353905, 15.507242",0,14:41:20,0:00,6000,0,1000.00,1,6,0,Taxi,"LINESTRING (15.507242 -4.353905, 15.507269 -4.353943)"
55Z43BQ01,43405899,Mapped,KN002,,PM,R,,,,,Bob,Kinshasa,2025-11-24,"-4.354527, 15.507803","-4.354527, 15.507803",0,15:30:30,0:00,4000,0,1000.00,1,4,0,Taxi,"LINESTRING (15.507803 -4.354527)"
7315AJ10,43405900,Mapped,KN002,,PM,R,,,,,Bob,Kinshasa,2025-11-24,"-4.355636, 15.505729","-4.387952, 15.368558",9.34,15:50:39,0:36,33000,0,1500.00,8,22,2.32,"Esprit de Mort","LINESTRING (15.505729 -4.355636, 15.505673 -4.355718, 15.505622 -4.355811, 15.505560 -4.355905, 15.505487 -4.356002, 15.505408 -4.356112, 15.505328 -4.356233, 15.505249 -4.356357, 15.505165 -4.356488, 15.505070 -4.356627, 15.504962 -4.356763, 15.504864 -4.356880, 15.504786 -4.356974, 15.504718 -4.357048, 15.504631 -4.357147, 15.504544 -4.357237, 15.504451 -4.357315, 15.504355 -4.357402, 15.504276 -4.357478, 15.504182 -4.357564, 15.504070 -4.357666, 15.503949 -4.357773, 15.503827 -4.357870, 15.503708 -4.357954, 15.503615 -4.358045, 15.503523 -4.358132, 15.503416 -4.358217, 15.503313 -4.358299, 15.503209 -4.358377, 15.503111 -4.358452, 15.503011 -4.358529, 15.502892 -4.358613, 15.502780 -4.358677, 15.502666 -4.358773, 15.502537 -4.358889, 15.502385 -4.359009, 15.502313 -4.359073, 15.502175 -4.359182, 15.502068 -4.359244, 15.501968 -4.359300, 15.501820 -4.359423, 15.501623 -4.359540, 15.501529 -4.359607, 15.501441 -4.359678, 15.501361 -4.359745, 15.501189 -4.359873, 15.501073 -4.359972, 15.500932 -4.360123, 15.500854 -4.360190, 15.500778 -4.360255, 15.500611 -4.360373, 15.500540 -4.360444, 15.500464 -4.360514, 15.500392 -4.360581, 15.500257 -4.360695, 15.500133 -4.360800, 15.500011 -4.360895, 15.499883 -4.361010, 15.499742 -4.361131, 15.499590 -4.361242, 15.499516 -4.361306, 15.499442 -4.361371, 15.499298 -4.361486, 15.499166 -4.361592, 15.499034 -4.361704, 15.498961 -4.361774, 15.498891 -4.361838, 15.498751 -4.361951, 15.498612 -4.362068, 15.498534 -4.362128, 15.498456 -4.362185, 15.498376 -4.362243, 15.498299 -4.362299, 15.498211 -4.362360, 15.498124 -4.362424, 15.498040 -4.362486, 15.497960 -4.362547, 15.497815 -4.362654, 15.497679 -4.362740, 15.497561 -4.362824, 15.497456 -4.362913, 15.497361 -4.362997, 15.497285 -4.363066, 15.497196 -4.363117, 15.497117 -4.363176, 15.497020 -4.363254, 15.496936 -4.363321, 15.496843 -4.363392, 15.496757 -4.363469, 15.496670 -4.363550, 15.496572 -4.363618, 15.496489 -4.363684, 15.496408 -4.363769, 15.496314 -4.363862, 15.496227 -4.363936, 15.496137 -4.363997, 15.496058 -4.364054, 15.495974 -4.364126, 15.495898 -4.364201, 15.495803 -4.364272, 15.495715 -4.364325, 15.495619 -4.364392, 15.495520 -4.364470, 15.495417 -4.364560, 15.495331 -4.364633, 15.495253 -4.364692, 15.471076 -4.384035, 15.470966 -4.384049, 15.470892 -4.384120, 15.470805 -4.384196, 15.470728 -4.384260, 15.470619 -4.384337, 15.470526 -4.384408, 15.470416 -4.384498, 15.470291 -4.384578, 15.470162 -4.384664, 15.470019 -4.384753, 15.469939 -4.384804, 15.469849 -4.384862, 15.469757 -4.384918, 15.469673 -4.384978, 15.469586 -4.385033, 15.469494 -4.385085, 15.469403 -4.385129, 15.469313 -4.385178, 15.469220 -4.385224, 15.469128 -4.385271, 15.469031 -4.385309, 15.468933 -4.385349, 15.468829 -4.385383, 15.468724 -4.385420, 15.468621 -4.385457, 15.468511 -4.385489, 15.468399 -4.385518, 15.468288 -4.385542, 15.468182 -4.385565, 15.468079 -4.385588, 15.467969 -4.385599, 15.467861 -4.385610, 15.467751 -4.385617, 15.467642 -4.385622, 15.467529 -4.385628, 15.467416 -4.385638, 15.467303 -4.385646, 15.467194 -4.385660, 15.467082 -4.385676, 15.466958 -4.385689, 15.466825 -4.385698, 15.466687 -4.385698, 15.466558 -4.385699, 15.466421 -4.385690, 15.466290 -4.385685, 15.466162 -4.385683, 15.466035 -4.385682, 15.465897 -4.385685, 15.465759 -4.385700, 15.465623 -4.385726, 15.465482 -4.385741, 15.465342 -4.385754, 15.465195 -4.385768, 15.465037 -4.385774, 15.464869 -4.385785, 15.464704 -4.385797, 15.464532 -4.385807, 15.464355 -4.385810, 15.464184 -4.385819, 15.464005 -4.385834, 15.463828 -4.385840, 15.463650 -4.385854, 15.463472 -4.385868, 15.463294 -4.385885, 15.463116 -4.385897, 15.462937 -4.385911, 15.462764 -4.385918, 15.462594 -4.385927, 15.462428 -4.385938, 15.462260 -4.385943, 15.462091 -4.385955, 15.461927 -4.385968, 15.461760 -4.385977, 15.461601 -4.385983, 15.461445 -4.385988, 15.461285 -4.385996, 15.461127 -4.386009, 15.460972 -4.386021, 15.460821 -4.386033, 15.460668 -4.386047, 15.460516 -4.386057, 15.460373 -4.386073, 15.460222 -4.386081, 15.460075 -4.386090, 15.459935 -4.386097, 15.459793 -4.386103, 15.459656 -4.386107, 15.459529 -4.386114, 15.459409 -4.386123, 15.459293 -4.386127, 15.459174 -4.386124, 15.459053 -4.386130, 15.458929 -4.386133, 15.458802 -4.386141, 15.458671 -4.386150, 15.458543 -4.386160, 15.458426 -4.386163, 15.458303 -4.386170, 15.458182 -4.386175, 15.458064 -4.386182, 15.457948 -4.386185, 15.457820 -4.386187, 15.457702 -4.386197, 15.457572 -4.386202, 15.457443 -4.386207, 15.457316 -4.386212, 15.457195 -4.386220, 15.457071 -4.386222, 15.456948 -4.386228, 15.456830 -4.386238, 15.456720 -4.386255, 15.456607 -4.386258, 15.456487 -4.386270, 15.456365 -4.386292, 15.456246 -4.386305, 15.456125 -4.386325, 15.456000 -4.386345, 15.455880 -4.386370, 15.455769 -4.386385, 15.455651 -4.386405, 15.455544 -4.386427, 15.455441 -4.386448, 15.455267 -4.386473, 15.455112 -4.386487, 15.455013 -4.386507, 15.454908 -4.386545, 15.454817 -4.386583, 15.454705 -4.386615, 15.454588 -4.386647, 15.454492 -4.386677, 15.454377 -4.386714, 15.454268 -4.386763, 15.454130 -4.386808, 15.454001 -4.386865, 15.453835 -4.386925, 15.453742 -4.386963, 15.453584 -4.387042, 15.453493 -4.387082, 15.451558 -4.388052, 15.451447 -4.388160, 15.451337 -4.388243, 15.451105 -4.388442, 15.451014 -4.388502, 15.450863 -4.388652, 15.450755 -4.388728, 15.450642 -4.388810, 15.450553 -4.388890, 15.450440 -4.388965, 15.450330 -4.389040, 15.450209 -4.389110, 15.450093 -4.389177, 15.449982 -4.389250, 15.449865 -4.389335, 15.449745 -4.389420, 15.449627 -4.389497, 15.449505 -4.389568, 15.449378 -4.389652, 15.449255 -4.389732, 15.449133 -4.389820, 15.449023 -4.389898, 15.448910 -4.389972, 15.448800 -4.390052, 15.448682 -4.390135, 15.448566 -4.390213, 15.448450 -4.390293, 15.448330 -4.390378, 15.448212 -4.390460, 15.448062 -4.390550, 15.447945 -4.390638, 15.447832 -4.390718, 15.447710 -4.390795, 15.447588 -4.390880, 15.447467 -4.390958, 15.447335 -4.391042, 15.447198 -4.391115, 15.447059 -4.391193, 15.446930 -4.391280, 15.446794 -4.391362, 15.446655 -4.391455, 15.446528 -4.391535, 15.446392 -4.391615, 15.446260 -4.391710, 15.446130 -4.391792, 15.446000 -4.391873, 15.445873 -4.391943, 15.445740 -4.392023, 15.445601 -4.392107, 15.445467 -4.392183, 15.445332 -4.392253, 15.445209 -4.392334, 15.445082 -4.392418, 15.444946 -4.392500, 15.444808 -4.392588, 15.444656 -4.392668, 15.444527 -4.392743, 15.444390 -4.392833, 15.444265 -4.392917, 15.444130 -4.393000, 15.443998 -4.393090, 15.443870 -4.393172, 15.443742 -4.393253, 15.443608 -4.393342, 15.443475 -4.393435, 15.443340 -4.393518, 15.443200 -4.393613, 15.443065 -4.393697, 15.442928 -4.393780, 15.442792 -4.393868, 15.442665 -4.393952, 15.442538 -4.394038, 15.442400 -4.394133, 15.442262 -4.394225, 15.442128 -4.394308, 15.441992 -4.394402, 15.441850 -4.394488, 15.441710 -4.394588, 15.441570 -4.394675, 15.441435 -4.394757, 15.441287 -4.394847, 15.441138 -4.394937, 15.440995 -4.395022, 15.440848 -4.395117, 15.440701 -4.395215, 15.440565 -4.395312, 15.440423 -4.395405, 15.440278 -4.395497, 15.440128 -4.395590, 15.439981 -4.395673, 15.439848 -4.395761, 15.439722 -4.395848, 15.439603 -4.395942, 15.439471 -4.396037, 15.439333 -4.396122, 15.439197 -4.396212, 15.439056 -4.396295, 15.438917 -4.396380, 15.438777 -4.396465, 15.438640 -4.396552, 15.438505 -4.396633, 15.438370 -4.396725, 15.438233 -4.396805, 15.438085 -4.396892, 15.437942 -4.396982, 15.437805 -4.397075, 15.437665 -4.397171, 15.437522 -4.397254, 15.437390 -4.397343, 15.437250 -4.397440, 15.437110 -4.397532, 15.436976 -4.397620, 15.436840 -4.397712, 15.436697 -4.397805, 15.436555 -4.397893, 15.436408 -4.397985, 15.436268 -4.398073, 15.436136 -4.398167, 15.435998 -4.398258, 15.435865 -4.398355, 15.435723 -4.398443, 15.435587 -4.398540, 15.435453 -4.398630, 15.435327 -4.398722, 15.435190 -4.398817, 15.435055 -4.398908, 15.434918 -4.399004, 15.434775 -4.399085, 15.434630 -4.399167, 15.434486 -4.399253, 15.434345 -4.399337, 15.434196 -4.399430, 15.434058 -4.399520, 15.433913 -4.399607, 15.433773 -4.399704, 15.433637 -4.399800, 15.433500 -4.399895, 15.433355 -4.400007, 15.433211 -4.400092, 15.433073 -4.400182, 15.432933 -4.400283, 15.432788 -4.400380, 15.432640 -4.400463, 15.432487 -4.400552, 15.432345 -4.400650, 15.432200 -4.400748, 15.432055 -4.400840, 15.431911 -4.400927, 15.431767 -4.401018, 15.431617 -4.401122, 15.431467 -4.401217, 15.431327 -4.401315, 15.431175 -4.401410, 15.431026 -4.401510, 15.430872 -4.401600, 15.430717 -4.401692, 15.430570 -4.401798, 15.430420 -4.401895, 15.430259 -4.401999, 15.430100 -4.402102, 15.429936 -4.402212, 15.429770 -4.402308, 15.429602 -4.402408, 15.429432 -4.402520, 15.429270 -4.402633, 15.429102 -4.402730, 15.428930 -4.402840, 15.428763 -4.402945, 15.428596 -4.403053, 15.428430 -4.403155, 15.428267 -4.403260, 15.428099 -4.403368, 15.427934 -4.403475, 15.427770 -4.403575, 15.427604 -4.403668, 15.427432 -4.403753, 15.427261 -4.403845, 15.427092 -4.403938, 15.426935 -4.404025, 15.426784 -4.404109, 15.426633 -4.404188, 15.426485 -4.404260, 15.426338 -4.404332, 15.426188 -4.404398, 15.426039 -4.404463, 15.425888 -4.404523, 15.425745 -4.404588, 15.425596 -4.404647, 15.425453 -4.404703, 15.425317 -4.404768, 15.425174 -4.404832, 15.425042 -4.404890, 15.424909 -4.404942, 15.424773 -4.404987, 15.424646 -4.405040, 15.424519 -4.405085, 15.424394 -4.405117, 15.424270 -4.405150, 15.424155 -4.405185, 15.424031 -4.405217, 15.423910 -4.405257, 15.423788 -4.405292, 15.423665 -4.405328, 15.423547 -4.405358, 15.423418 -4.405387, 15.423295 -4.405413, 15.423163 -4.405450, 15.423034 -4.405482, 15.422915 -4.405517, 15.422789 -4.405543, 15.422657 -4.405568, 15.422530 -4.405595, 15.422401 -4.405622, 15.422270 -4.405653, 15.422138 -4.405684, 15.422007 -4.405708, 15.421872 -4.405733, 15.421735 -4.405758, 15.421600 -4.405778, 15.421462 -4.405795, 15.421325 -4.405810, 15.421192 -4.405827, 15.421055 -4.405843, 15.420910 -4.405857, 15.420767 -4.405872, 15.420629 -4.405890, 15.420486 -4.405903, 15.420350 -4.405913, 15.420218 -4.405922, 15.420090 -4.405927, 15.419950 -4.405931, 15.419815 -4.405941, 15.419673 -4.405953, 15.419528 -4.405957, 15.419380 -4.405958, 15.419225 -4.405960, 15.419077 -4.405957, 15.418930 -4.405951, 15.418778 -4.405953, 15.418627 -4.405947, 15.418471 -4.405947, 15.418322 -4.405943, 15.418165 -4.405941, 15.418012 -4.405933, 15.417853 -4.405918, 15.417697 -4.405908, 15.417540 -4.405902, 15.417385 -4.405893, 15.417222 -4.405883, 15.417062 -4.405869, 15.416892 -4.405853, 15.416734 -4.405835, 15.416583 -4.405817, 15.416440 -4.405797, 15.416288 -4.405775, 15.416152 -4.405756, 15.416017 -4.405742, 15.415892 -4.405725, 15.415776 -4.405705, 15.415667 -4.405688, 15.415562 -4.405672, 15.415455 -4.405650, 15.415352 -4.405627, 15.415252 -4.405607, 15.415155 -4.405585, 15.415049 -4.405565, 15.414953 -4.405547, 15.414772 -4.405502, 15.414675 -4.405478, 15.414577 -4.405448, 15.414478 -4.405428, 15.414378 -4.405408, 15.414280 -4.405383, 15.414106 -4.405332, 15.413953 -4.405290, 15.413822 -4.405255, 15.413680 -4.405220, 15.413531 -4.405159, 15.413377 -4.405100, 15.413280 -4.405073, 15.413116 -4.405017, 15.412955 -4.404974, 15.412862 -4.404945, 15.412775 -4.404903, 15.412660 -4.404855, 15.412557 -4.404820, 15.412452 -4.404785, 15.412365 -4.404733, 15.412243 -4.404667, 15.412135 -4.404638, 15.412044 -4.404605, 15.411940 -4.404562, 15.411803 -4.404508, 15.411668 -4.404452, 15.411515 -4.404383, 15.411326 -4.404320, 15.411232 -4.404282, 15.411137 -4.404242, 15.411040 -4.404200, 15.410936 -4.404160, 15.410831 -4.404123, 15.410725 -4.404082, 15.410617 -4.404040, 15.410513 -4.403996, 15.410408 -4.403952, 15.410285 -4.403910, 15.410156 -4.403868, 15.410037 -4.403820, 15.409908 -4.403770, 15.409779 -4.403725, 15.409643 -4.403682, 15.409516 -4.403635, 15.409389 -4.403588, 15.409273 -4.403545, 15.409160 -4.403498, 15.409041 -4.403452, 15.408921 -4.403403, 15.408802 -4.403353, 15.408682 -4.403305, 15.408562 -4.403255, 15.408439 -4.403202, 15.408314 -4.403155, 15.408187 -4.403102, 15.408067 -4.403057, 15.407958 -4.403017, 15.407848 -4.402977, 15.407732 -4.402942, 15.407621 -4.402910, 15.407515 -4.402878, 15.407400 -4.402838, 15.407282 -4.402797, 15.407164 -4.402755, 15.407048 -4.402709, 15.406940 -4.402660, 15.406838 -4.402610, 15.406730 -4.402563, 15.406610 -4.402535, 15.406498 -4.402495, 15.406395 -4.402455, 15.406290 -4.402413, 15.406185 -4.402368, 15.406085 -4.402327, 15.405995 -4.402290, 15.405822 -4.402232, 15.405726 -4.402203, 15.405632 -4.402167, 15.405528 -4.402135, 15.405425 -4.402100, 15.405323 -4.402063, 15.405217 -4.402020, 15.405113 -4.401983, 15.405012 -4.401943, 15.404912 -4.401900, 15.404800 -4.401857, 15.404663 -4.401807, 15.404550 -4.401762, 15.404445 -4.401721, 15.404333 -4.401683, 15.404217 -4.401645, 15.404101 -4.401602, 15.403987 -4.401550, 15.403872 -4.401508, 15.403751 -4.401464, 15.403638 -4.401423, 15.403532 -4.401381, 15.403420 -4.401338, 15.403315 -4.401297, 15.403203 -4.401257, 15.403037 -4.401188, 15.402946 -4.401155, 15.402855 -4.401115, 15.402757 -4.401073, 15.402657 -4.401037, 15.402550 -4.401000, 15.402440 -4.400963, 15.402330 -4.400928, 15.402225 -4.400890, 15.402122 -4.400850, 15.402012 -4.400803, 15.401901 -4.400758, 15.401789 -4.400720, 15.401675 -4.400680, 15.401558 -4.400640, 15.401437 -4.400599, 15.401347 -4.400562, 15.401241 -4.400513, 15.401118 -4.400460, 15.400995 -4.400412, 15.400873 -4.400368, 15.400742 -4.400321, 15.400621 -4.400270, 15.400492 -4.400223, 15.400382 -4.400192, 15.400249 -4.400143, 15.400115 -4.400097, 15.399975 -4.400040, 15.399823 -4.399978, 15.399683 -4.399925, 15.399558 -4.399873, 15.399433 -4.399830, 15.399312 -4.399790, 15.399188 -4.399748, 15.399068 -4.399698, 15.398947 -4.399658, 15.398830 -4.399623, 15.398713 -4.399587, 15.398603 -4.399547, 15.398515 -4.399498, 15.398427 -4.399458, 15.398252 -4.399412, 15.398158 -4.399385, 15.398000 -4.399333, 15.397832 -4.399258, 15.397741 -4.399220, 15.397578 -4.399137, 15.397487 -4.399105, 15.397387 -4.399078, 15.397285 -4.399048, 15.397190 -4.399022, 15.397030 -4.398943, 15.396934 -4.398913, 15.396796 -4.398855, 15.396658 -4.398790, 15.396533 -4.398728, 15.396387 -4.398650, 15.396240 -4.398590, 15.396063 -4.398533, 15.395884 -4.398470, 15.395786 -4.398430, 15.395623 -4.398373, 15.395469 -4.398320, 15.395325 -4.398268, 15.395168 -4.398208, 15.395037 -4.398155, 15.394903 -4.398110, 15.394767 -4.398078, 15.394625 -4.398020, 15.394480 -4.397954, 15.394385 -4.397887, 15.394248 -4.397832, 15.394080 -4.397773, 15.393911 -4.397707, 15.393820 -4.397663, 15.393733 -4.397623, 15.393643 -4.397588, 15.393481 -4.397518, 15.393394 -4.397482, 15.393298 -4.397452, 15.393207 -4.397415, 15.393117 -4.397383, 15.392946 -4.397326, 15.392785 -4.397280, 15.392645 -4.397230, 15.392475 -4.397177, 15.392320 -4.397110, 15.392160 -4.397040, 15.392007 -4.396975, 15.391855 -4.396927, 15.391685 -4.396873, 15.391592 -4.396842, 15.391492 -4.396808, 15.391394 -4.396775, 15.391295 -4.396739, 15.391200 -4.396703, 15.391102 -4.396670, 15.391005 -4.396636, 15.390912 -4.396597, 15.390820 -4.396555, 15.390730 -4.396513, 15.390638 -4.396478, 15.390471 -4.396423, 15.390337 -4.396370, 15.390212 -4.396327, 15.390095 -4.396282, 15.389960 -4.396228, 15.389816 -4.396167, 15.389664 -4.396105, 15.385074 -4.394351, 15.384920 -4.394332, 15.384825 -4.394275, 15.384711 -4.394207, 15.384566 -4.394152, 15.384418 -4.394082, 15.384278 -4.394030, 15.384182 -4.393990, 15.384075 -4.393958, 15.383977 -4.393923, 15.383872 -4.393887, 15.383777 -4.393848, 15.383681 -4.393810, 15.383587 -4.393770, 15.383485 -4.393730, 15.383377 -4.393688, 15.383275 -4.393638, 15.383172 -4.393587, 15.383063 -4.393548, 15.382963 -4.393507, 15.382865 -4.393473, 15.382773 -4.393445, 15.382611 -4.393388, 15.382493 -4.393340, 15.378729 -4.391864, 15.375858 -4.390737, 15.375755 -4.390738, 15.375697 -4.390650, 15.375558 -4.390663, 15.375420 -4.390628, 15.375274 -4.390582, 15.375123 -4.390512, 15.374969 -4.390433, 15.374878 -4.390393, 15.374785 -4.390357, 15.374670 -4.390320, 15.374560 -4.390287, 15.374449 -4.390250, 15.374333 -4.390218, 15.374211 -4.390190, 15.374104 -4.390155, 15.374010 -4.390110, 15.373820 -4.390037, 15.373665 -4.389987, 15.373567 -4.389955, 15.373395 -4.389892, 15.373239 -4.389822, 15.373083 -4.389765, 15.372930 -4.389703, 15.372775 -4.389652, 15.372625 -4.389590, 15.372463 -4.389528, 15.372302 -4.389472, 15.372158 -4.389412, 15.372026 -4.389343, 15.371886 -4.389270, 15.371754 -4.389222, 15.371648 -4.389170, 15.371525 -4.389132, 15.371388 -4.389090, 15.371252 -4.389050, 15.371120 -4.389020, 15.371001 -4.388975, 15.370873 -4.388928, 15.370751 -4.388883, 15.370633 -4.388840, 15.370510 -4.388795, 15.370385 -4.388745, 15.370272 -4.388695, 15.370152 -4.388640, 15.370010 -4.388587, 15.369880 -4.388538, 15.369757 -4.388480, 15.369618 -4.388433, 15.369502 -4.388395, 15.369385 -4.388350, 15.369242 -4.388297, 15.369092 -4.388235, 15.368947 -4.388173, 15.368820 -4.388124, 15.368702 -4.388072, 15.368611 -4.388030, 15.368558 -4.387952)"
8251AS01,43405901,Mapped,KN003,,PM,R,,,,,Bob,Kinshasa,2025-11-24,"-4.385895, 15.362581","-4.385895, 15.362581",0,16:46:46,0:00,5000,0,1000.00,1,5,0,Taxi,"LINESTRING (15.362581 -4.385895, 15.362812 -4.385986, 15.363245 -4.386154, 15.363369 -4.386203, 15.363481 -4.386247, 15.363482 -4.386247, 15.363588 -4.386291, 15.363589 -4.386292, 15.363687 -4.386331, 15.363778 -4.386368, 15.363875 -4.386408)"
0175BC01,43405902,Mapped,KN004,,PM,R,,,,,Bob,Kinshasa,2025-11-24,"-4.387919, 15.368386","-4.374340, 15.372735",1.54,17:00:27,0:09,2500,0,500.00,2,5,1.38,Taxi,"LINESTRING (15.368386 -4.387919, 15.368303 -4.387870, 15.368344 -4.387782, 15.368318 -4.387687, 15.368365 -4.387601, 15.368404 -4.387506, 15.368394 -4.387406, 15.368442 -4.387324, 15.368450 -4.386654, 15.372732 -4.374342, 15.372533 -4.374407, 15.372735 -4.374340)"
AA032KIN,43405903,Mapped,KN004,,PM,R,,,,,Bob,Kinshasa,2025-11-24,"-4.371281, 15.376413","-4.373940, 15.373152",0.32,17:16:18,0:03,1500,0,500.00,2,3,0,Taxi,"LINESTRING (15.376413 -4.371281, 15.376316 -4.371363, 15.376215 -4.371448, 15.376175 -4.371482, 15.376109 -4.371533, 15.376024 -4.371599, 15.375999 -4.371618, 15.375956 -4.371648, 15.375925 -4.371673, 15.375841 -4.371741, 15.375761 -4.371806, 15.375745 -4.371819, 15.375671 -4.371881, 15.375594 -4.371944, 15.375554 -4.371977, 15.375520 -4.372005, 15.375515 -4.372009, 15.375441 -4.372070, 15.375344 -4.372150, 15.375258 -4.372221, 15.375176 -4.372289, 15.375082 -4.372366, 15.374986 -4.372445, 15.374894 -4.372521, 15.374820 -4.372582, 15.374760 -4.372631, 15.374741 -4.372648, 15.374649 -4.372726, 15.374561 -4.372801, 15.374535 -4.372823, 15.374462 -4.372882, 15.374387 -4.372942, 15.374309 -4.373005, 15.374240 -4.373062, 15.374232 -4.373068, 15.374142 -4.373143, 15.374127 -4.373156, 15.374050 -4.373219, 15.374035 -4.373231, 15.373954 -4.373296, 15.373854 -4.373377, 15.373835 -4.373392, 15.373761 -4.373450, 15.373676 -4.373517, 15.373569 -4.373602, 15.373558 -4.373610, 15.373482 -4.373671, 15.373405 -4.373734, 15.373334 -4.373791, 15.373309 -4.373812, 15.373226 -4.373880, 15.373152 -4.373940)"
8539AB04,43405904,Mapped,KN001,,PM,R,,,,,Bob,Kinshasa,2025-11-24,"-4.388757, 15.370060","-4.390559, 15.374857",0.26,17:35:52,0:03,10000,0,500.00,4,20,0,Taxi,"LINESTRING (15.370060 -4.388757, 15.370119 -4.388776, 15.370162 -4.388790, 15.370288 -4.388832, 15.370418 -4.388876, 15.370521 -4.388910, 15.370568 -4.388926, 15.370619 -4.388946, 15.370726 -4.388990, 15.370822 -4.389029, 15.370928 -4.389071, 15.371047 -4.389120, 15.371149 -4.389161, 15.371202 -4.389182, 15.371262 -4.389205, 15.371386 -4.389252, 15.371504 -4.389297, 15.371632 -4.389346, 15.371776 -4.389401, 15.371936 -4.389461, 15.372022 -4.389494, 15.372109 -4.389527, 15.372199 -4.389561, 15.372289 -4.389596, 15.372466 -4.389663, 15.372562 -4.389699, 15.372651 -4.389733, 15.372742 -4.389768, 15.372833 -4.389802, 15.372973 -4.389856, 15.373076 -4.389894, 15.373122 -4.389912, 15.373184 -4.389935, 15.373303 -4.389979, 15.373410 -4.390018, 15.373461 -4.390036, 15.373539 -4.390065, 15.373686 -4.390119, 15.373835 -4.390174, 15.373974 -4.390225, 15.374093 -4.390269, 15.374196 -4.390307, 15.374287 -4.390341, 15.374378 -4.390374, 15.374469 -4.390407, 15.374564 -4.390442, 15.374658 -4.390477, 15.374857 -4.390559)"
5825BM01,43405905,Mapped,KN005,,PM,R,,,,,Bob,Kinshasa,2025-11-24,"-4.391632, 15.375473","-4.391632, 15.375473",0,17:42:58,0:00,2500,0,500.00,1,5,0,Taxi,"LINESTRING (15.375473 -4.391632, 15.375474 -4.391768, 15.375475 -4.391836, 15.375476 -4.391889, 15.375478 -4.392013, 15.375481 -4.392138, 15.375482 -4.392199, 15.375487 -4.392269, 15.375494 -4.392398, 15.375501 -4.392509)"
6115AB04,43405906,Mapped,KN005,,PM,R,,,,,Bob,Kinshasa,2025-11-24,"-4.405806, 15.374956","-4.402122, 15.405213",3.38,18:01:28,0:15,34000,0,1000.00,8,34,0.44,"Esprit de Mort","LINESTRING (15.374956 -4.405806, 15.374919 -4.405712, 15.374941 -4.405592, 15.374988 -4.405486, 15.375017 -4.405343, 15.375030 -4.405223, 15.375073 -4.405087, 15.375134 -4.404932, 15.375162 -4.404840, 15.375186 -4.404740, 15.375239 -4.404567, 15.375290 -4.404397, 15.375331 -4.404246, 15.375361 -4.404120, 15.375384 -4.404010, 15.375404 -4.403893, 15.375441 -4.403776, 15.375468 -4.403672, 15.375487 -4.403574, 15.375526 -4.403432, 15.375546 -4.403320, 15.375568 -4.403192, 15.375609 -4.403051, 15.375653 -4.402915, 15.375692 -4.402774, 15.375722 -4.402623, 15.375765 -4.402480, 15.375791 -4.402325, 15.375809 -4.402174, 15.375827 -4.402030, 15.375846 -4.401900, 15.375864 -4.401755, 15.375877 -4.401614, 15.375895 -4.401498, 15.375910 -4.401384, 15.375928 -4.401250, 15.375945 -4.401122, 15.375946 -4.400997, 15.375952 -4.400859, 15.375978 -4.400714, 15.375997 -4.400573, 15.376005 -4.400447, 15.376026 -4.400311, 15.376049 -4.400178, 15.376059 -4.400033, 15.376059 -4.399874, 15.376062 -4.399705, 15.376053 -4.399553, 15.376032 -4.399426, 15.376040 -4.399312, 15.376042 -4.399194, 15.376038 -4.399085, 15.376022 -4.398977, 15.376013 -4.398863, 15.376002 -4.398740, 15.375999 -4.398604, 15.375998 -4.398478, 15.375981 -4.398373, 15.375965 -4.398252, 15.375954 -4.398148, 15.375954 -4.398048, 15.375946 -4.397946, 15.375905 -4.397858, 15.375891 -4.397739, 15.375878 -4.397635, 15.375870 -4.397534, 15.375874 -4.397438, 15.375882 -4.397338, 15.375842 -4.397253, 15.375833 -4.397136, 15.375816 -4.396993, 15.375810 -4.396865, 15.375800 -4.396752, 15.375804 -4.396627, 15.375803 -4.396485, 15.375806 -4.396321, 15.375798 -4.396152, 15.375788 -4.395996, 15.375782 -4.395838, 15.375771 -4.395656, 15.375758 -4.395562, 15.375739 -4.395389, 15.375731 -4.395227, 15.375721 -4.395077, 15.375716 -4.394950, 15.375716 -4.394845, 15.375704 -4.394721, 15.375690 -4.394606, 15.375674 -4.394489, 15.375659 -4.394358, 15.375660 -4.394223, 15.375665 -4.394085, 15.375669 -4.393938, 15.375665 -4.393785, 15.375665 -4.393633, 15.375658 -4.393498, 15.375653 -4.393367, 15.375644 -4.393247, 15.375638 -4.393108, 15.375635 -4.392997, 15.375638 -4.392859, 15.375620 -4.392692, 15.375607 -4.392507, 15.375593 -4.392334, 15.375590 -4.392179, 15.375607 -4.392043, 15.375613 -4.391908, 15.375590 -4.391773, 15.375577 -4.391638, 15.375564 -4.391510, 15.375570 -4.391412, 15.375584 -4.391287, 15.375584 -4.391180, 15.375565 -4.391070, 15.375611 -4.390975, 15.375682 -4.390910, 15.375792 -4.390922, 15.375890 -4.390947, 15.375990 -4.390977, 15.376065 -4.391033, 15.376447 -4.391037, 15.376500 -4.391328, 15.376645 -4.391376, 15.376779 -4.391440, 15.376910 -4.391485, 15.377042 -4.391538, 15.377202 -4.391592, 15.377388 -4.391627, 15.377485 -4.391650, 15.377584 -4.391677, 15.377700 -4.391705, 15.377815 -4.391740, 15.377929 -4.391782, 15.378045 -4.391803, 15.378163 -4.391819, 15.378270 -4.391852, 15.378371 -4.391893, 15.378467 -4.391933, 15.378563 -4.391973, 15.378662 -4.392008, 15.378768 -4.392053, 15.378873 -4.392093, 15.378979 -4.392132, 15.379090 -4.392170, 15.379197 -4.392208, 15.379307 -4.392243, 15.379420 -4.392285, 15.379534 -4.392328, 15.379642 -4.392375, 15.379765 -4.392423, 15.379895 -4.392473, 15.380007 -4.392527, 15.380128 -4.392575, 15.380240 -4.392617, 15.380345 -4.392667, 15.380466 -4.392712, 15.380595 -4.392760, 15.380707 -4.392798, 15.380825 -4.392843, 15.380957 -4.392877, 15.381065 -4.392920, 15.381193 -4.392955, 15.381298 -4.392995, 15.381412 -4.393034, 15.381534 -4.393080, 15.381634 -4.393113, 15.381730 -4.393145, 15.381897 -4.393212, 15.382023 -4.393263, 15.382118 -4.393290, 15.382215 -4.393325, 15.382325 -4.393370, 15.382428 -4.393417, 15.382525 -4.393463, 15.382650 -4.393512, 15.382802 -4.393572, 15.382977 -4.393633, 15.383067 -4.393668, 15.383166 -4.393705, 15.383270 -4.393742, 15.383370 -4.393778, 15.383473 -4.393818, 15.383582 -4.393863, 15.383687 -4.393905, 15.383795 -4.393947, 15.383912 -4.393988, 15.384027 -4.394028, 15.384147 -4.394070, 15.384255 -4.394110, 15.384358 -4.394147, 15.384461 -4.394183, 15.384568 -4.394225, 15.384673 -4.394263, 15.384787 -4.394300, 15.384902 -4.394335, 15.385020 -4.394377, 15.385127 -4.394417, 15.385235 -4.394463, 15.385345 -4.394515, 15.385455 -4.394555, 15.385545 -4.394602, 15.385663 -4.394639, 15.385777 -4.394678, 15.385883 -4.394718, 15.386015 -4.394758, 15.386153 -4.394805, 15.386295 -4.394842, 15.386418 -4.394878, 15.386552 -4.394925, 15.386666 -4.394969, 15.386768 -4.395008, 15.386870 -4.395047, 15.386967 -4.395083, 15.387067 -4.395133, 15.387163 -4.395175, 15.387268 -4.395215, 15.387377 -4.395262, 15.387473 -4.395300, 15.387575 -4.395337, 15.387676 -4.395377, 15.387780 -4.395415, 15.387885 -4.395457, 15.387997 -4.395498, 15.388124 -4.395545, 15.388231 -4.395585, 15.388333 -4.395622, 15.388432 -4.395657, 15.388520 -4.395695, 15.388692 -4.395761, 15.388860 -4.395832, 15.389142 -4.396137, 15.389277 -4.396090, 15.389457 -4.396062, 15.389463 -4.396188, 15.389604 -4.396198, 15.389713 -4.396220, 15.389838 -4.396243, 15.389963 -4.396300, 15.390074 -4.396345, 15.390195 -4.396387, 15.390295 -4.396422, 15.390417 -4.396443, 15.390543 -4.396468, 15.390705 -4.396517, 15.390862 -4.396578, 15.394148 -4.397935, 15.394245 -4.397978, 15.394340 -4.397998, 15.394448 -4.398018, 15.394558 -4.398053, 15.394650 -4.398083, 15.394753 -4.398117, 15.394881 -4.398158, 15.394985 -4.398195, 15.403189 -4.401245, 15.403258 -4.400937, 15.403275 -4.401310, 15.403360 -4.401465, 15.403423 -4.401550, 15.403519 -4.401577, 15.403610 -4.401617, 15.403735 -4.401645, 15.403838 -4.401675, 15.403956 -4.401700, 15.404067 -4.401730, 15.404173 -4.401753, 15.404280 -4.401790, 15.404402 -4.401824, 15.404552 -4.401862, 15.404712 -4.401915, 15.404875 -4.402005, 15.405044 -4.402068, 15.405213 -4.402122)"
9064BK01,43405907,Mapped,KN001,,PM,R,,,,,Bob,Kinshasa,2025-11-24,"-4.403614, 15.409529","-4.382632, 15.354369",3.09,18:23:47,0:17,30000,0,1000.00,11,30,1.32,"Esprit de Mort","LINESTRING (15.409529 -4.403614, 15.409420 -4.403572, 15.409287 -4.403522, 15.409181 -4.403460, 15.409096 -4.403406, 15.408976 -4.403364, 15.408875 -4.403340, 15.408738 -4.403295, 15.408579 -4.403236, 15.408429 -4.403189, 15.408281 -4.403139, 15.408130 -4.403081, 15.407953 -4.403008, 15.407860 -4.402974, 15.407767 -4.402937, 15.407595 -4.402872, 15.407436 -4.402815, 15.407278 -4.402759, 15.407130 -4.402704, 15.407009 -4.402658, 15.406904 -4.402618, 15.406813 -4.402578, 15.406684 -4.402525, 15.406561 -4.402476, 15.406418 -4.402419, 15.406276 -4.402362, 15.406137 -4.402310, 15.406025 -4.402269, 15.405909 -4.402225, 15.405802 -4.402175, 15.395307 -4.398208, 15.395290 -4.398092, 15.395221 -4.397962, 15.395149 -4.397874, 15.395053 -4.397844, 15.394833 -4.397796, 15.394668 -4.397756, 15.394421 -4.397719, 15.394201 -4.397691, 15.394008 -4.397656, 15.393771 -4.397604, 15.393540 -4.397549, 15.393352 -4.397479, 15.393130 -4.397388, 15.392947 -4.397314, 15.392790 -4.397260, 15.392648 -4.397209, 15.392504 -4.397154, 15.392348 -4.397100, 15.385188 -4.394401, 15.385101 -4.394341, 15.384724 -4.394156, 15.384346 -4.394029, 15.383998 -4.393918, 15.383736 -4.393828, 15.383529 -4.393758, 15.383359 -4.393699, 15.383147 -4.393624, 15.382971 -4.393562, 15.382822 -4.393505, 15.382670 -4.393445, 15.382466 -4.393367, 15.382360 -4.393332, 15.382256 -4.393295, 15.382137 -4.393251, 15.375593 -4.390804, 15.375497 -4.390742, 15.375409 -4.390703, 15.375285 -4.390611, 15.375222 -4.390538, 15.375121 -4.390475, 15.374968 -4.390403, 15.374828 -4.390345, 15.374723 -4.390306, 15.374617 -4.390263, 15.374492 -4.390220, 15.374382 -4.390185, 15.374274 -4.390151, 15.374157 -4.390115, 15.374055 -4.390079, 15.373887 -4.390022, 15.373748 -4.389967, 15.373613 -4.389928, 15.373491 -4.389895, 15.373393 -4.389855, 15.373297 -4.389789, 15.373089 -4.389699, 15.372938 -4.389639, 15.372809 -4.389596, 15.372693 -4.389565, 15.372554 -4.389534, 15.372392 -4.389474, 15.372174 -4.389391, 15.372007 -4.389338, 15.371840 -4.389286, 15.371723 -4.389242, 15.371606 -4.389194, 15.371726 -4.389184, 15.371605 -4.389109, 15.371484 -4.389035, 15.371367 -4.389005, 15.371242 -4.388967, 15.371140 -4.388935, 15.371028 -4.388900, 15.370892 -4.388862, 15.370770 -4.388829, 15.370671 -4.388798, 15.370530 -4.388742, 15.370357 -4.388684, 15.370216 -4.388627, 15.369179 -4.388260, 15.369171 -4.388364, 15.369034 -4.388323, 15.368901 -4.388112, 15.368860 -4.387979, 15.368753 -4.387881, 15.368622 -4.387882, 15.368506 -4.387877, 15.368414 -4.387855, 15.368258 -4.387816, 15.368090 -4.387773, 15.367977 -4.387748, 15.367793 -4.387678, 15.367689 -4.387637, 15.367582 -4.387596, 15.367463 -4.387554, 15.367335 -4.387523, 15.367209 -4.387494, 15.367088 -4.387459, 15.366967 -4.387422, 15.366854 -4.387379, 15.366732 -4.387332, 15.366607 -4.387284, 15.366467 -4.387231, 15.366323 -4.387175, 15.366175 -4.387116, 15.366024 -4.387060, 15.365866 -4.387002, 15.365722 -4.386945, 15.365590 -4.386892, 15.362460 -4.385615, 15.362331 -4.385580, 15.362238 -4.385550, 15.362140 -4.385545, 15.362039 -4.385524, 15.361946 -4.385490, 15.361834 -4.385446, 15.361649 -4.385380, 15.361484 -4.385319, 15.361329 -4.385259, 15.361188 -4.385210, 15.361078 -4.385164, 15.360975 -4.385123, 15.360847 -4.385082, 15.360730 -4.385040, 15.360625 -4.385004, 15.358768 -4.384229, 15.358441 -4.384145, 15.358343 -4.384111, 15.358236 -4.384074, 15.358125 -4.384042, 15.357977 -4.383990, 15.357842 -4.383941, 15.357706 -4.383890, 15.357567 -4.383841, 15.357408 -4.383784, 15.357312 -4.383748, 15.357146 -4.383682, 15.356974 -4.383614, 15.356798 -4.383554, 15.356612 -4.383490, 15.356515 -4.383454, 15.356419 -4.383423, 15.356317 -4.383392, 15.356214 -4.383359, 15.355157 -4.382997, 15.355049 -4.382955, 15.354897 -4.382896, 15.354721 -4.382859, 15.354628 -4.382815, 15.354536 -4.382757, 15.354465 -4.382674, 15.354369 -4.382632)"
0847BF01,43405908,Mapped,KN001,,PM,R,,,,,Bob,Kinshasa,2025-11-24,"-4.381556, 15.349378","-4.390187, 15.345339",1.27,18:56:16,0:20,27000,0,1000.00,5,27,0.53,"Esprit de Mort","LINESTRING (15.349378 -4.381556, 15.349264 -4.381530, 15.349140 -4.381462, 15.349049 -4.381417, 15.348950 -4.381379, 15.348856 -4.381352, 15.348754 -4.381304, 15.348626 -4.381281, 15.348507 -4.381271, 15.348365 -4.381281, 15.348258 -4.381274, 15.348166 -4.381248, 15.348071 -4.381221, 15.347947 -4.381189, 15.347855 -4.381132, 15.347765 -4.381083, 15.347676 -4.381025, 15.347574 -4.380968, 15.347481 -4.380925, 15.347371 -4.380888, 15.347257 -4.380850, 15.347157 -4.380823, 15.347048 -4.380808, 15.346936 -4.380822, 15.346801 -4.380853, 15.346632 -4.380908, 15.346482 -4.380981, 15.346354 -4.381047, 15.346228 -4.381134, 15.346117 -4.381262, 15.346051 -4.381333, 15.345984 -4.381405, 15.345902 -4.381460, 15.345764 -4.381590, 15.345619 -4.381697, 15.345478 -4.381813, 15.345330 -4.381924, 15.345193 -4.382032, 15.345072 -4.382133, 15.344730 -4.386868, 15.344822 -4.386907, 15.344725 -4.386833, 15.344629 -4.386823, 15.344537 -4.386867, 15.344439 -4.386859, 15.344330 -4.388337, 15.344413 -4.388278, 15.344551 -4.388245, 15.344710 -4.388264, 15.344901 -4.388289, 15.344921 -4.388381, 15.345353 -4.390295, 15.345339 -4.390187)"
6835AV05,43405909,Mapped,KN001,,UNK,R,,,,,Bob,Kinshasa,2025-11-24,"-4.390672, 15.345355","-4.390672, 15.345355",0,19:27:47,0:00,15000,0,1000.00,1,15,0,"Esprit de Mort","LINESTRING (15.345355 -4.390672)"
9066BQ01,43405910,Mapped,KN004,,UNK,R,,,,,Bob,Kinshasa,2025-11-24,"-4.380033, 15.340470","-4.380033, 15.340470",0,19:38:52,0:00,5000,0,1000.00,1,5,0,Taxi,"LINESTRING (15.340470 -4.380033, 15.340376 -4.380007, 15.340267 -4.379977)"
7244BM10,43405911,Mapped,KN001,,UNK,R,,,,,Bob,Kinshasa,2025-11-24,"-4.379199, 15.335524","-4.379199, 15.335524",0,19:44:48,0:00,4000,0,1000.00,1,4,0,Taxi,"LINESTRING (15.335524 -4.379199)"
3887BL01,43405912,Mapped,KN005,,UNK,R,,,,,Bob,Kinshasa,2025-11-24,"-4.373893, 15.337990","-4.373893, 15.337990",0,19:54:10,0:00,14000,0,3500.00,1,4,0,Taxi,"LINESTRING (15.337990 -4.373893, 15.338120 -4.373908, 15.338160 -4.373913, 15.338249 -4.373923, 15.338355 -4.373936)"
6577AS01,43405913,Mapped,KN001,,PM,R,,,,,Bob,Kinshasa,2025-11-25,"-4.359073, 15.338242","-4.403300, 15.408392",5.77,09:39:29,0:22,102000,0,3000.00,10,34,3.32,"Esprit de Mort","LINESTRING (15.338242 -4.359073, 15.338295 -4.359155, 15.338346 -4.359236, 15.340966 -4.365115, 15.341292 -4.365940, 15.343299 -4.370324, 15.351163 -4.381185, 15.351174 -4.381323, 15.351229 -4.381411, 15.351325 -4.381510, 15.351454 -4.381566, 15.351624 -4.381647, 15.351724 -4.381695, 15.351822 -4.381747, 15.368537 -4.388046, 15.368468 -4.388116, 15.368460 -4.388500, 15.369361 -4.388636, 15.370880 -4.389557, 15.371625 -4.389709, 15.372201 -4.389673, 15.375045 -4.390815, 15.375163 -4.390730, 15.375259 -4.390724, 15.375369 -4.390759, 15.375460 -4.390794, 15.375582 -4.390839, 15.375680 -4.390868, 15.375778 -4.390893, 15.375881 -4.390927, 15.375998 -4.390971, 15.376140 -4.391018, 15.376305 -4.391082, 15.376394 -4.391121, 15.376483 -4.391158, 15.376575 -4.391193, 15.376672 -4.391231, 15.376773 -4.391278, 15.376867 -4.391316, 15.376967 -4.391356, 15.377065 -4.391392, 15.377155 -4.391428, 15.377315 -4.391491, 15.377473 -4.391544, 15.377640 -4.391609, 15.377824 -4.391670, 15.377913 -4.391704, 15.378001 -4.391741, 15.378160 -4.391818, 15.378304 -4.391887, 15.378437 -4.391941, 15.378573 -4.391996, 15.378712 -4.392040, 15.378832 -4.392094, 15.378937 -4.392144, 15.379037 -4.392174, 15.379140 -4.392209, 15.379245 -4.392250, 15.379350 -4.392285, 15.379445 -4.392326, 15.379531 -4.392395, 15.379659 -4.392418, 15.379784 -4.392454, 15.379879 -4.392484, 15.379996 -4.392526, 15.380140 -4.392568, 15.380301 -4.392623, 15.380473 -4.392685, 15.380568 -4.392718, 15.380661 -4.392752, 15.380759 -4.392791, 15.380855 -4.392828, 15.380950 -4.392866, 15.381041 -4.392902, 15.381135 -4.392941, 15.381226 -4.392975, 15.381402 -4.393032, 15.381577 -4.393089, 15.381731 -4.393145, 15.381866 -4.393197, 15.381973 -4.393230, 15.382067 -4.393268, 15.382173 -4.393312, 15.382289 -4.393359, 15.382414 -4.393414, 15.382529 -4.393465, 15.382673 -4.393517, 15.382849 -4.393573, 15.382943 -4.393610, 15.383039 -4.393644, 15.383136 -4.393682, 15.383232 -4.393719, 15.383325 -4.393755, 15.383413 -4.393791, 15.383573 -4.393859, 15.383725 -4.393914, 15.383883 -4.393973, 15.384048 -4.394036, 15.384216 -4.394092, 15.384376 -4.394153, 15.384518 -4.394206, 15.384638 -4.394255, 15.384734 -4.394289, 15.384825 -4.394319, 15.384929 -4.394371, 15.385026 -4.394411, 15.385128 -4.394452, 15.385261 -4.394497, 15.385376 -4.394515, 15.385479 -4.394543, 15.385594 -4.394596, 15.385721 -4.394651, 15.385860 -4.394707, 15.386010 -4.394778, 15.386167 -4.394843, 15.386346 -4.394915, 15.386441 -4.394953, 15.386536 -4.394993, 15.386633 -4.395031, 15.386733 -4.395067, 15.386840 -4.395113, 15.386951 -4.395154, 15.387053 -4.395192, 15.387156 -4.395231, 15.387250 -4.395268, 15.387339 -4.395302, 15.387426 -4.395342, 15.387515 -4.395380, 15.387614 -4.395418, 15.387718 -4.395455, 15.387831 -4.395494, 15.387952 -4.395539, 15.388077 -4.395583, 15.388192 -4.395627, 15.388985 -4.395932, 15.389080 -4.395958, 15.389174 -4.395984, 15.389278 -4.396005, 15.389376 -4.396033, 15.389513 -4.396102, 15.389632 -4.396158, 15.389775 -4.396212, 15.389911 -4.396255, 15.393400 -4.397610, 15.393520 -4.397646, 15.393662 -4.397684, 15.393897 -4.397761, 15.394053 -4.397808, 15.394188 -4.397862, 15.394323 -4.397910, 15.394448 -4.397966, 15.394574 -4.398011, 15.394692 -4.398054, 15.394794 -4.398097, 15.394893 -4.398129, 15.394989 -4.398173, 15.395095 -4.398216, 15.395208 -4.398256, 15.400746 -4.400438, 15.400543 -4.400346, 15.400429 -4.400320, 15.400558 -4.400362, 15.400661 -4.400399, 15.400786 -4.400447, 15.400874 -4.400481, 15.401047 -4.400547, 15.401141 -4.400587, 15.401246 -4.400628, 15.401352 -4.400668, 15.401456 -4.400708, 15.401555 -4.400740, 15.401655 -4.400778, 15.401761 -4.400816, 15.401869 -4.400852, 15.401971 -4.400891, 15.402071 -4.400937, 15.402176 -4.400981, 15.402284 -4.401025, 15.402390 -4.401068, 15.402503 -4.401111, 15.402614 -4.401160, 15.405652 -4.402330, 15.405748 -4.402336, 15.405910 -4.402381, 15.406021 -4.402424, 15.406123 -4.402470, 15.406221 -4.402501, 15.406336 -4.402543, 15.406456 -4.402588, 15.406595 -4.402641, 15.406744 -4.402698, 15.406902 -4.402742, 15.407077 -4.402798, 15.407167 -4.402830, 15.407310 -4.402893, 15.407415 -4.402933, 15.407526 -4.402970, 15.407647 -4.403018, 15.407791 -4.403077, 15.407955 -4.403140, 15.408126 -4.403196, 15.408280 -4.403252, 15.408392 -4.403300)"
0670AA12,43405915,Mapped,KN001,,PM,R,,,,,Bob,Kinshasa,2025-11-25,"-4.404953, 15.412447","-4.322110, 15.513048",10.79,10:10:34,0:34,49500,0,1500.00,8,33,4.64,"Esprit de Mort","LINESTRING (15.412447 -4.404953, 15.412576 -4.404977, 15.412683 -4.405007, 15.412793 -4.405037, 15.412872 -4.405122, 15.412994 -4.405173, 15.413115 -4.405221, 15.413252 -4.405266, 15.413387 -4.405303, 15.413534 -4.405334, 15.413674 -4.405378, 15.413805 -4.405421, 15.413933 -4.405460, 15.414043 -4.405491, 15.414141 -4.405519, 15.414257 -4.405541, 15.414377 -4.405562, 15.414494 -4.405577, 15.414606 -4.405584, 15.414715 -4.405601, 15.414820 -4.405605, 15.414965 -4.405626, 15.418327 -4.406185, 15.418427 -4.406182, 15.418526 -4.406124, 15.418627 -4.406106, 15.418734 -4.406107, 15.418865 -4.406109, 15.419011 -4.406106, 15.419147 -4.406100, 15.422675 -4.405807, 15.466512 -4.385851, 15.466645 -4.385818, 15.466750 -4.385799, 15.466907 -4.385779, 15.467050 -4.385765, 15.467186 -4.385747, 15.467373 -4.385750, 15.467527 -4.385734, 15.467669 -4.385720, 15.467820 -4.385713, 15.467975 -4.385700, 15.468133 -4.385677, 15.468290 -4.385646, 15.468446 -4.385610, 15.468599 -4.385583, 15.468758 -4.385555, 15.468918 -4.385514, 15.469085 -4.385453, 15.469244 -4.385384, 15.469408 -4.385288, 15.469494 -4.385248, 15.469646 -4.385176, 15.469796 -4.385100, 15.469939 -4.385008, 15.470079 -4.384905, 15.470217 -4.384802, 15.470348 -4.384706, 15.470469 -4.384612, 15.470573 -4.384518, 15.470675 -4.384440, 15.470754 -4.384381, 15.470835 -4.384308, 15.470930 -4.384266, 15.471037 -4.384202, 15.471141 -4.384120, 15.471233 -4.384057, 15.471331 -4.383980, 15.471434 -4.383903, 15.471544 -4.383805, 15.471667 -4.383695, 15.471801 -4.383590, 15.471941 -4.383467, 15.472012 -4.383404, 15.472089 -4.383343, 15.472167 -4.383281, 15.472249 -4.383224, 15.472335 -4.383163, 15.472414 -4.383099, 15.472494 -4.383031, 15.472578 -4.382959, 15.472660 -4.382891, 15.472741 -4.382824, 15.472826 -4.382763, 15.472910 -4.382705, 15.473047 -4.382596, 15.473176 -4.382473, 15.473310 -4.382348, 15.473450 -4.382229, 15.473592 -4.382121, 15.473730 -4.382011, 15.473878 -4.381909, 15.474030 -4.381789, 15.474109 -4.381729, 15.474193 -4.381658, 15.474279 -4.381583, 15.474365 -4.381507, 15.474454 -4.381429, 15.474545 -4.381352, 15.474641 -4.381279, 15.474737 -4.381203, 15.474837 -4.381128, 15.474940 -4.381051, 15.475041 -4.380973, 15.475144 -4.380897, 15.475252 -4.380809, 15.475368 -4.380719, 15.475487 -4.380615, 15.475600 -4.380512, 15.475720 -4.380417, 15.475837 -4.380330, 15.475951 -4.380236, 15.476065 -4.380138, 15.476179 -4.380040, 15.476293 -4.379941, 15.476408 -4.379850, 15.476521 -4.379756, 15.476629 -4.379664, 15.476735 -4.379582, 15.476849 -4.379502, 15.476953 -4.379416, 15.477057 -4.379329, 15.477160 -4.379239, 15.477263 -4.379153, 15.477363 -4.379070, 15.477467 -4.378990, 15.477559 -4.378904, 15.477650 -4.378823, 15.477730 -4.378744, 15.477809 -4.378668, 15.477889 -4.378597, 15.477976 -4.378522, 15.478064 -4.378451, 15.478150 -4.378394, 15.478235 -4.378342, 15.478317 -4.378294, 15.478396 -4.378241, 15.478523 -4.378125, 15.478656 -4.378014, 15.478800 -4.377911, 15.478944 -4.377812, 15.479073 -4.377718, 15.479199 -4.377618, 15.479351 -4.377510, 15.479499 -4.377408, 15.479640 -4.377309, 15.479774 -4.377215, 15.479886 -4.377120, 15.479977 -4.377039, 15.480077 -4.376956, 15.480157 -4.376893, 15.480240 -4.376834, 15.480309 -4.376769, 15.480391 -4.376685, 15.480459 -4.376595, 15.480585 -4.376515, 15.480690 -4.376453, 15.480797 -4.376376, 15.480909 -4.376295, 15.481024 -4.376218, 15.481151 -4.376133, 15.481278 -4.376037, 15.481402 -4.375931, 15.481515 -4.375836, 15.481620 -4.375753, 15.481706 -4.375697, 15.481821 -4.375655, 15.481914 -4.375600, 15.482001 -4.375542, 15.482096 -4.375517, 15.482194 -4.375489, 15.482266 -4.375425, 15.482335 -4.375316, 15.482397 -4.375230, 15.482457 -4.375151, 15.482525 -4.375083, 15.482621 -4.375002, 15.482726 -4.374934, 15.482876 -4.374853, 15.482993 -4.374792, 15.483147 -4.374698, 15.483276 -4.374599, 15.483407 -4.374474, 15.483482 -4.374414, 15.483642 -4.374328, 15.483729 -4.374286, 15.483830 -4.374218, 15.483918 -4.374141, 15.484003 -4.374064, 15.484096 -4.373982, 15.484196 -4.373899, 15.484292 -4.373819, 15.484382 -4.373744, 15.484479 -4.373663, 15.484572 -4.373590, 15.484660 -4.373522, 15.484746 -4.373450, 15.484831 -4.373374, 15.484924 -4.373292, 15.485014 -4.373202, 15.485092 -4.373111, 15.485158 -4.373026, 15.485232 -4.372926, 15.485324 -4.372856, 15.485418 -4.372767, 15.485516 -4.372691, 15.485605 -4.372608, 15.485692 -4.372530, 15.485777 -4.372456, 15.485864 -4.372375, 15.485956 -4.372303, 15.486050 -4.372227, 15.486141 -4.372142, 15.486230 -4.372059, 15.486311 -4.371978, 15.486396 -4.371900, 15.486482 -4.371822, 15.486572 -4.371751, 15.486662 -4.371680, 15.486753 -4.371605, 15.486832 -4.371539, 15.486906 -4.371473, 15.486983 -4.371412, 15.487112 -4.371294, 15.487218 -4.371198, 15.487306 -4.371141, 15.487421 -4.371072, 15.487519 -4.370997, 15.487608 -4.370941, 15.487693 -4.370882, 15.487777 -4.370829, 15.487861 -4.370780, 15.487937 -4.370720, 15.488024 -4.370656, 15.488132 -4.370557, 15.488238 -4.370465, 15.488353 -4.370386, 15.488482 -4.370281, 15.488631 -4.370177, 15.488708 -4.370118, 15.488780 -4.370050, 15.488860 -4.369986, 15.488948 -4.369919, 15.489044 -4.369847, 15.489147 -4.369771, 15.489252 -4.369680, 15.489360 -4.369598, 15.489466 -4.369515, 15.489568 -4.369427, 15.489671 -4.369345, 15.489761 -4.369257, 15.489865 -4.369166, 15.489966 -4.369090, 15.490069 -4.368999, 15.490183 -4.368900, 15.490297 -4.368800, 15.490410 -4.368706, 15.490534 -4.368609, 15.490663 -4.368516, 15.490784 -4.368420, 15.490896 -4.368319, 15.491006 -4.368225, 15.491110 -4.368137, 15.491219 -4.368052, 15.491325 -4.367970, 15.491437 -4.367876, 15.491547 -4.367788, 15.491663 -4.367703, 15.491773 -4.367628, 15.491870 -4.367543, 15.491960 -4.367459, 15.492058 -4.367378, 15.492153 -4.367308, 15.492252 -4.367231, 15.492343 -4.367159, 15.492426 -4.367088, 15.492515 -4.367021, 15.492601 -4.366954, 15.492685 -4.366890, 15.492764 -4.366826, 15.492840 -4.366762, 15.492915 -4.366704, 15.493055 -4.366596, 15.493192 -4.366496, 15.493313 -4.366396, 15.493426 -4.366300, 15.493537 -4.366208, 15.493654 -4.366121, 15.493762 -4.366037, 15.493866 -4.365955, 15.493959 -4.365874, 15.494047 -4.365799, 15.494129 -4.365739, 15.494246 -4.365655, 15.494328 -4.365589, 15.494417 -4.365518, 15.494509 -4.365444, 15.494605 -4.365368, 15.494687 -4.365304, 15.494769 -4.365247, 15.494861 -4.365214, 15.494950 -4.365150, 15.495027 -4.365089, 15.495116 -4.365012, 15.495218 -4.364944, 15.495303 -4.364877, 15.495411 -4.364797, 15.495513 -4.364720, 15.495634 -4.364630, 15.495748 -4.364529, 15.495853 -4.364428, 15.495967 -4.364322, 15.496091 -4.364221, 15.496221 -4.364121, 15.496335 -4.364012, 15.496431 -4.363904, 15.496528 -4.363824, 15.496633 -4.363757, 15.496738 -4.363691, 15.496833 -4.363625, 15.496918 -4.363549, 15.497014 -4.363469, 15.497108 -4.363398, 15.497202 -4.363314, 15.497327 -4.363219, 15.497479 -4.363107, 15.497561 -4.363049, 15.497647 -4.362987, 15.497739 -4.362919, 15.497829 -4.362849, 15.497920 -4.362773, 15.498013 -4.362698, 15.498107 -4.362621, 15.498195 -4.362546, 15.498288 -4.362473, 15.498377 -4.362401, 15.498470 -4.362322, 15.498565 -4.362242, 15.498660 -4.362163, 15.498763 -4.362079, 15.498873 -4.361994, 15.498975 -4.361915, 15.499075 -4.361833, 15.499168 -4.361752, 15.499271 -4.361664, 15.499378 -4.361578, 15.499482 -4.361488, 15.499585 -4.361404, 15.499687 -4.361318, 15.499791 -4.361237, 15.499895 -4.361149, 15.499986 -4.361064, 15.500096 -4.360981, 15.500203 -4.360908, 15.500299 -4.360833, 15.500391 -4.360756, 15.500480 -4.360681, 15.500559 -4.360620, 15.500641 -4.360560, 15.500719 -4.360501, 15.500846 -4.360404, 15.500916 -4.360340, 15.500993 -4.360271, 15.501066 -4.360207, 15.501136 -4.360142, 15.501277 -4.360023, 15.501427 -4.359917, 15.501575 -4.359812, 15.501723 -4.359699, 15.501797 -4.359638, 15.501871 -4.359578, 15.502012 -4.359473, 15.502156 -4.359359, 15.502233 -4.359299, 15.502309 -4.359234, 15.502381 -4.359172, 15.502454 -4.359108, 15.502532 -4.359042, 15.502611 -4.358978, 15.502687 -4.358915, 15.502766 -4.358857, 15.502846 -4.358796, 15.502922 -4.358733, 15.502997 -4.358668, 15.503072 -4.358601, 15.503146 -4.358537, 15.503284 -4.358422, 15.503402 -4.358332, 15.503517 -4.358249, 15.503654 -4.358161, 15.503806 -4.358071, 15.503946 -4.357973, 15.504074 -4.357858, 15.504140 -4.357790, 15.504269 -4.357670, 15.504385 -4.357544, 15.504497 -4.357413, 15.511825 -4.340378, 15.511898 -4.340290, 15.511929 -4.340198, 15.511973 -4.340110, 15.512045 -4.339983, 15.512130 -4.339828, 15.512189 -4.339702, 15.512232 -4.339608, 15.512273 -4.339509, 15.512320 -4.339390, 15.512385 -4.339253, 15.512454 -4.339100, 15.512496 -4.338945, 15.512556 -4.338785, 15.512597 -4.338671, 15.512640 -4.338553, 15.512682 -4.338442, 15.512712 -4.338315, 15.512744 -4.338211, 15.512783 -4.338098, 15.512820 -4.337996, 15.512868 -4.337881, 15.512918 -4.337771, 15.512961 -4.337670, 15.513005 -4.337575, 15.513049 -4.337475, 15.513094 -4.337362, 15.513136 -4.337247, 15.513179 -4.337129, 15.513221 -4.337009, 15.513251 -4.336882, 15.513291 -4.336765, 15.513339 -4.336645, 15.513399 -4.336516, 15.513453 -4.336392, 15.513499 -4.336271, 15.513539 -4.336137, 15.513582 -4.336008, 15.513636 -4.335882, 15.513690 -4.335753, 15.513736 -4.335615, 15.513790 -4.335487, 15.513845 -4.335365, 15.513897 -4.335244, 15.513945 -4.335120, 15.513992 -4.334995, 15.514035 -4.334877, 15.514076 -4.334771, 15.514118 -4.334672, 15.514160 -4.334581, 15.514204 -4.334489, 15.514301 -4.334313, 15.514346 -4.334211, 15.514400 -4.334102, 15.514452 -4.334000, 15.514503 -4.333894, 15.514561 -4.333801, 15.514618 -4.333717, 15.514680 -4.333632, 15.514743 -4.333553, 15.514815 -4.333470, 15.514893 -4.333395, 15.514967 -4.333323, 15.515048 -4.333248, 15.515135 -4.333165, 15.515224 -4.333090, 15.515313 -4.333020, 15.515404 -4.332945, 15.515496 -4.332866, 15.515594 -4.332787, 15.515695 -4.332713, 15.515795 -4.332636, 15.515897 -4.332552, 15.515998 -4.332469, 15.516100 -4.332388, 15.516202 -4.332309, 15.516302 -4.332223, 15.516409 -4.332131, 15.516514 -4.332047, 15.516620 -4.331967, 15.516717 -4.331889, 15.516824 -4.331811, 15.516922 -4.331735, 15.517021 -4.331663, 15.517123 -4.331588, 15.517226 -4.331510, 15.517330 -4.331436, 15.517442 -4.331360, 15.517548 -4.331282, 15.517654 -4.331198, 15.517763 -4.331112, 15.517873 -4.331025, 15.517979 -4.330942, 15.518085 -4.330856, 15.518188 -4.330773, 15.518284 -4.330689, 15.518375 -4.330607, 15.518462 -4.330525, 15.518558 -4.330450, 15.518654 -4.330382, 15.518749 -4.330313, 15.518833 -4.330248, 15.518909 -4.330188, 15.519062 -4.330081, 15.519207 -4.329978, 15.519327 -4.329899, 15.519426 -4.329836, 15.519531 -4.329793, 15.519632 -4.329716, 15.519741 -4.329645, 15.519827 -4.329582, 15.519933 -4.329514, 15.520019 -4.329450, 15.520123 -4.329368, 15.520194 -4.329288, 15.520267 -4.329225, 15.520355 -4.329175, 15.520441 -4.329127, 15.520500 -4.329025, 15.520583 -4.328971, 15.520668 -4.328904, 15.520750 -4.328828, 15.520849 -4.328750, 15.520926 -4.328688, 15.520991 -4.328617, 15.520452 -4.328842, 15.519737 -4.328451, 15.519531 -4.328393, 15.519320 -4.328295, 15.519212 -4.328256, 15.519132 -4.328196, 15.519042 -4.328146, 15.518912 -4.328094, 15.518821 -4.328057, 15.518744 -4.327991, 15.517473 -4.327728, 15.517147 -4.327115, 15.517010 -4.326863, 15.516891 -4.326619, 15.516813 -4.326488, 15.516707 -4.325997, 15.516624 -4.325851, 15.516558 -4.325766, 15.516527 -4.325672, 15.516438 -4.325602, 15.516355 -4.325537, 15.516282 -4.325465, 15.516206 -4.325377, 15.516121 -4.325283, 15.516025 -4.325178, 15.515917 -4.325073, 15.515802 -4.324964, 15.515693 -4.324866, 15.515585 -4.324749, 15.515478 -4.324658, 15.515381 -4.324566, 15.515308 -4.324482, 15.515239 -4.324405, 15.515157 -4.324316, 15.515061 -4.324210, 15.514974 -4.324125, 15.514873 -4.324027, 15.514773 -4.323921, 15.514684 -4.323810, 15.514568 -4.323698, 15.514478 -4.323590, 15.514395 -4.323509, 15.514325 -4.323439, 15.514250 -4.323368, 15.514161 -4.323281, 15.514071 -4.323188, 15.513979 -4.323092, 15.513907 -4.323022, 15.513834 -4.322943, 15.513762 -4.322863, 15.513684 -4.322785, 15.513618 -4.322715, 15.513527 -4.322610, 15.513435 -4.322529, 15.513362 -4.322458, 15.513303 -4.322375, 15.513203 -4.322281, 15.513114 -4.322192, 15.513048 -4.322110)"
"751 NUMRO TRANSCO",43405916,Mapped,KN001,,PM,R,,,,,Bob,Kinshasa,2025-11-25,"-4.326479, 15.523608","-4.399258, 15.397790",11.07,12:04:32,0:44,61500,0,500.00,17,123,7.9,Transco,"LINESTRING (15.523608 -4.326479, 15.523476 -4.326576, 15.523327 -4.326693, 15.523239 -4.326760, 15.523145 -4.326828, 15.523053 -4.326899, 15.522964 -4.326970, 15.522878 -4.327037, 15.522789 -4.327100, 15.522698 -4.327164, 15.522608 -4.327234, 15.522514 -4.327307, 15.522419 -4.327384, 15.522320 -4.327462, 15.522222 -4.327538, 15.522125 -4.327612, 15.522035 -4.327684, 15.521948 -4.327755, 15.521863 -4.327824, 15.521782 -4.327888, 15.521642 -4.327994, 15.521541 -4.328075, 15.521452 -4.328155, 15.521373 -4.328219, 15.520498 -4.329070, 15.520437 -4.328986, 15.520301 -4.329036, 15.520210 -4.329103, 15.520103 -4.329172, 15.519984 -4.329259, 15.519852 -4.329359, 15.519718 -4.329466, 15.519580 -4.329569, 15.519426 -4.329683, 15.519345 -4.329743, 15.519264 -4.329803, 15.519183 -4.329865, 15.519104 -4.329931, 15.519026 -4.329998, 15.518945 -4.330061, 15.518863 -4.330122, 15.518781 -4.330179, 15.518632 -4.330284, 15.518506 -4.330375, 15.518392 -4.330459, 15.518281 -4.330542, 15.518158 -4.330629, 15.518029 -4.330730, 15.517890 -4.330846, 15.517817 -4.330909, 15.517740 -4.330973, 15.517664 -4.331039, 15.517583 -4.331106, 15.517494 -4.331175, 15.517403 -4.331249, 15.517307 -4.331324, 15.517211 -4.331402, 15.517112 -4.331481, 15.517013 -4.331561, 15.516912 -4.331639, 15.516813 -4.331718, 15.516715 -4.331795, 15.516617 -4.331871, 15.516520 -4.331944, 15.516424 -4.332017, 15.516333 -4.332086, 15.516246 -4.332148, 15.516170 -4.332206, 15.516032 -4.332312, 15.515890 -4.332418, 15.515738 -4.332527, 15.515655 -4.332580, 15.515568 -4.332639, 15.515480 -4.332704, 15.515396 -4.332777, 15.515312 -4.332855, 15.515224 -4.332936, 15.515139 -4.333016, 15.515056 -4.333097, 15.514976 -4.333175, 15.514899 -4.333252, 15.514825 -4.333328, 15.514753 -4.333404, 15.514687 -4.333476, 15.514587 -4.333588, 15.514515 -4.333669, 15.514434 -4.333773, 15.514372 -4.333854, 15.514304 -4.333934, 15.514263 -4.334044, 15.514191 -4.334183, 15.514108 -4.334348, 15.510243 -4.344105, 15.510235 -4.344205, 15.508645 -4.348312, 15.508574 -4.348435, 15.508528 -4.348559, 15.508524 -4.348653, 15.508471 -4.348826, 15.508442 -4.348942, 15.508402 -4.349061, 15.508368 -4.349171, 15.508339 -4.349279, 15.508299 -4.349379, 15.506211 -4.354670, 15.506178 -4.354780, 15.505056 -4.356768, 15.504911 -4.356824, 15.504820 -4.356852, 15.496610 -4.363762, 15.496469 -4.363833, 15.496241 -4.363928, 15.496119 -4.364051, 15.496008 -4.364154, 15.495887 -4.364247, 15.495765 -4.364337, 15.495655 -4.364425, 15.495556 -4.364502, 15.495465 -4.364570, 15.495369 -4.364635, 15.495276 -4.364707, 15.495167 -4.364774, 15.495121 -4.364859, 15.494236 -4.365523, 15.493662 -4.365925, 15.493467 -4.366141, 15.493371 -4.366254, 15.493280 -4.366377, 15.493206 -4.366440, 15.493096 -4.366505, 15.492992 -4.366570, 15.492909 -4.366620, 15.492810 -4.366672, 15.492719 -4.366721, 15.492613 -4.366778, 15.492486 -4.366868, 15.492389 -4.366952, 15.487783 -4.370522, 15.487814 -4.370668, 15.481488 -4.374742, 15.480527 -4.376213, 15.480475 -4.376452, 15.470993 -4.383980, 15.454880 -4.386682, 15.454910 -4.386564, 15.420972 -4.405727, 15.420815 -4.405771, 15.420714 -4.405781, 15.420596 -4.405816, 15.420488 -4.405847, 15.415963 -4.405684, 15.415883 -4.405780, 15.415775 -4.405727, 15.415668 -4.405685, 15.415558 -4.405665, 15.415439 -4.405644, 15.415338 -4.405632, 15.415228 -4.405603, 15.415135 -4.405572, 15.415037 -4.405538, 15.414933 -4.405507, 15.414858 -4.405448, 15.414744 -4.405438, 15.414650 -4.405431, 15.414515 -4.405411, 15.414402 -4.405411, 15.414228 -4.405398, 15.414081 -4.405353, 15.413952 -4.405316, 15.413835 -4.405286, 15.413720 -4.405260, 15.413628 -4.405229, 15.413535 -4.405200, 15.413405 -4.405163, 15.413315 -4.405132, 15.413202 -4.405094, 15.411078 -4.404148, 15.410904 -4.404228, 15.410458 -4.404352, 15.410119 -4.404358, 15.405437 -4.402107, 15.405354 -4.402048, 15.405224 -4.401979, 15.405125 -4.401950, 15.405019 -4.401907, 15.404894 -4.401850, 15.404696 -4.401796, 15.404514 -4.401721, 15.404262 -4.401623, 15.404093 -4.401567, 15.403947 -4.401523, 15.403800 -4.401482, 15.403666 -4.401447, 15.403550 -4.401406, 15.403401 -4.401347, 15.403274 -4.401298, 15.403172 -4.401257, 15.402996 -4.401185, 15.402906 -4.401148, 15.402812 -4.401106, 15.402713 -4.401061, 15.402614 -4.401018, 15.402514 -4.400980, 15.402411 -4.400944, 15.402308 -4.400909, 15.402204 -4.400870, 15.402097 -4.400830, 15.401987 -4.400790, 15.401875 -4.400749, 15.401758 -4.400705, 15.401637 -4.400660, 15.401514 -4.400612, 15.401392 -4.400566, 15.401275 -4.400518, 15.401156 -4.400471, 15.401044 -4.400429, 15.400937 -4.400390, 15.400836 -4.400350, 15.400737 -4.400312, 15.400642 -4.400274, 15.400551 -4.400238, 15.400387 -4.400171, 15.400254 -4.400117, 15.400134 -4.400068, 15.400017 -4.400021, 15.399904 -4.399977, 15.399810 -4.399938, 15.399689 -4.399889, 15.399562 -4.399822, 15.397803 -4.399392, 15.397790 -4.399258)"
2312BK10,43405917,Mapped,KN001,,PM,R,,,,,Bob,Kinshasa,2025-11-25,"-4.396712, 15.391313","-4.394178, 15.384652",0.37,13:04:37,0:02,5000,0,1000.00,2,5,0,Taxi,"LINESTRING (15.391313 -4.396712, 15.391219 -4.396676, 15.391130 -4.396642, 15.390958 -4.396576, 15.390788 -4.396511, 15.390624 -4.396448, 15.390494 -4.396398, 15.390382 -4.396355, 15.390293 -4.396321, 15.390172 -4.396270, 15.390116 -4.396247, 15.390081 -4.396234, 15.389968 -4.396191, 15.389861 -4.396151, 15.389776 -4.396119, 15.389770 -4.396117, 15.389664 -4.396078, 15.389529 -4.396028, 15.389438 -4.395995, 15.389342 -4.395959, 15.389249 -4.395925, 15.389142 -4.395885, 15.389041 -4.395848, 15.388938 -4.395810, 15.388804 -4.395761, 15.388738 -4.395736, 15.388667 -4.395708, 15.388572 -4.395668, 15.388480 -4.395630, 15.388463 -4.395623, 15.388382 -4.395593, 15.388287 -4.395557, 15.388186 -4.395519, 15.388096 -4.395486, 15.388004 -4.395451, 15.387739 -4.395351, 15.387490 -4.395251, 15.387058 -4.395090, 15.386570 -4.394900, 15.385881 -4.394644, 15.385600 -4.394540, 15.385511 -4.394504, 15.385464 -4.394487, 15.385237 -4.394400, 15.384793 -4.394232, 15.384677 -4.394188, 15.384652 -4.394178)"
5077BM01,43405918,Mapped,KN001,,PM,R,,,,,Bob,Kinshasa,2025-11-25,"-4.388882, 15.370727","-4.338212, 15.327665",6.61,13:46:39,0:23,30000,0,1000.00,7,30,3.08,"Esprit de Mort","LINESTRING (15.370727 -4.388882, 15.370642 -4.388837, 15.370540 -4.388830, 15.370450 -4.388795, 15.370392 -4.388718, 15.370300 -4.388677, 15.370209 -4.388649, 15.370118 -4.388603, 15.370031 -4.388553, 15.370537 -4.388649, 15.370085 -4.388110, 15.369802 -4.388041, 15.369423 -4.387955, 15.369224 -4.387922, 15.368807 -4.387823, 15.368531 -4.387925, 15.368433 -4.387957, 15.368274 -4.387920, 15.353077 -4.379100, 15.353035 -4.379193, 15.351102 -4.381198, 15.350912 -4.381287, 15.350748 -4.381403, 15.350638 -4.381442, 15.350600 -4.381353, 15.350690 -4.381063, 15.350632 -4.380977, 15.350476 -4.380872, 15.350358 -4.380750, 15.350285 -4.380675, 15.350232 -4.380589, 15.350160 -4.380517, 15.350032 -4.380348, 15.349960 -4.380250, 15.349865 -4.380157, 15.349771 -4.380060, 15.349691 -4.379961, 15.349562 -4.379830, 15.349435 -4.379697, 15.342618 -4.365723, 15.342412 -4.365843, 15.342255 -4.365960, 15.341945 -4.365550, 15.341922 -4.365378, 15.341931 -4.365200, 15.341908 -4.365018, 15.341913 -4.364922, 15.341825 -4.364832, 15.341695 -4.364733, 15.341600 -4.364683, 15.341470 -4.364622, 15.341370 -4.364570, 15.339236 -4.361285, 15.338839 -4.359723, 15.338813 -4.359623, 15.338740 -4.359528, 15.338674 -4.359448, 15.338595 -4.359334, 15.338542 -4.359245, 15.338471 -4.359133, 15.338425 -4.358992, 15.338358 -4.358853, 15.338308 -4.358710, 15.338213 -4.358575, 15.338119 -4.358415, 15.338068 -4.358323, 15.338017 -4.358230, 15.337967 -4.358135, 15.337915 -4.358052, 15.337858 -4.357957, 15.337810 -4.357872, 15.337720 -4.357695, 15.337680 -4.357608, 15.337617 -4.357502, 15.337553 -4.357417, 15.337505 -4.357332, 15.337495 -4.357228, 15.337427 -4.357128, 15.337355 -4.357015, 15.337280 -4.356925, 15.337238 -4.356830, 15.337176 -4.356709, 15.337125 -4.356618, 15.337071 -4.356522, 15.337002 -4.356402, 15.336960 -4.356283, 15.336902 -4.356133, 15.336852 -4.356025, 15.336770 -4.355912, 15.336692 -4.355773, 15.336623 -4.355640, 15.336534 -4.355497, 15.336449 -4.355345, 15.336378 -4.355200, 15.336302 -4.355068, 15.336235 -4.354933, 15.336235 -4.354800, 15.336180 -4.354715, 15.336245 -4.354623, 15.336265 -4.354502, 15.336208 -4.354392, 15.336160 -4.354277, 15.336066 -4.354165, 15.336013 -4.354032, 15.335934 -4.353922, 15.335852 -4.353782, 15.335745 -4.353680, 15.335693 -4.353580, 15.335642 -4.353458, 15.335546 -4.353288, 15.335439 -4.353179, 15.335323 -4.353068, 15.335252 -4.352985, 15.335185 -4.352907, 15.335127 -4.352813, 15.335123 -4.352715, 15.335085 -4.352595, 15.335062 -4.352473, 15.335029 -4.352365, 15.334977 -4.352232, 15.334917 -4.352113, 15.334858 -4.351987, 15.334804 -4.351868, 15.334757 -4.351765, 15.334703 -4.351662, 15.334666 -4.351572, 15.334613 -4.351395, 15.334557 -4.351293, 15.334537 -4.351193, 15.334580 -4.351072, 15.334508 -4.351148, 15.334403 -4.351161, 15.334455 -4.351038, 15.334380 -4.351103, 15.334289 -4.351055, 15.334255 -4.350962, 15.334220 -4.350863, 15.334167 -4.350762, 15.334106 -4.350632, 15.334030 -4.350522, 15.333946 -4.350403, 15.333868 -4.350260, 15.333788 -4.350097, 15.333743 -4.350008, 15.333700 -4.349917, 15.333650 -4.349818, 15.333590 -4.349720, 15.333529 -4.349622, 15.333473 -4.349520, 15.333418 -4.349413, 15.333359 -4.349300, 15.333295 -4.349187, 15.333240 -4.349067, 15.333180 -4.348950, 15.333125 -4.348830, 15.333062 -4.348708, 15.332998 -4.348583, 15.332923 -4.348460, 15.332860 -4.348327, 15.332795 -4.348200, 15.332733 -4.348072, 15.332665 -4.347948, 15.332615 -4.347826, 15.332568 -4.347718, 15.332523 -4.347618, 15.332493 -4.347528, 15.332428 -4.347397, 15.332362 -4.347278, 15.332365 -4.347177, 15.332440 -4.347103, 15.332335 -4.347078, 15.332287 -4.346995, 15.332229 -4.346888, 15.332155 -4.346760, 15.332068 -4.346617, 15.331975 -4.346453, 15.331933 -4.346363, 15.331845 -4.346200, 15.331750 -4.346047, 15.331672 -4.345905, 15.331602 -4.345773, 15.331543 -4.345660, 15.331493 -4.345551, 15.331442 -4.345445, 15.331384 -4.345330, 15.331318 -4.345197, 15.331252 -4.345055, 15.331192 -4.344907, 15.331108 -4.344750, 15.331061 -4.344658, 15.331010 -4.344562, 15.330956 -4.344470, 15.330902 -4.344382, 15.330850 -4.344285, 15.330798 -4.344188, 15.330740 -4.344082, 15.330682 -4.343973, 15.330620 -4.343858, 15.330557 -4.343747, 15.330490 -4.343637, 15.330425 -4.343520, 15.330361 -4.343405, 15.330298 -4.343288, 15.330238 -4.343172, 15.330176 -4.343053, 15.330116 -4.342937, 15.330058 -4.342827, 15.330013 -4.342721, 15.329968 -4.342627, 15.329924 -4.342538, 15.329845 -4.342383, 15.329780 -4.342263, 15.329728 -4.342178, 15.329675 -4.342085, 15.329614 -4.341998, 15.329570 -4.341897, 15.329523 -4.341803, 15.329467 -4.341698, 15.329412 -4.341577, 15.329351 -4.341428, 15.329290 -4.341260, 15.329244 -4.341173, 15.329202 -4.341082, 15.329157 -4.340991, 15.329106 -4.340902, 15.329057 -4.340813, 15.329000 -4.340717, 15.328943 -4.340618, 15.328894 -4.340522, 15.328852 -4.340422, 15.328812 -4.340330, 15.328735 -4.340185, 15.328676 -4.340073, 15.328622 -4.339983, 15.328538 -4.339892, 15.328480 -4.339797, 15.328442 -4.339707, 15.328386 -4.339612, 15.328328 -4.339502, 15.328267 -4.339373, 15.328197 -4.339243, 15.328127 -4.339117, 15.328065 -4.338993, 15.328005 -4.338875, 15.327947 -4.338760, 15.327888 -4.338642, 15.327820 -4.338518, 15.327766 -4.338420, 15.327708 -4.338320, 15.327665 -4.338212)"
